{"cameraMode":{"drawMode":0,"name":"Shaded","section":"Shading Mode"},"sceneLighting":false,"audioPlay":false,"sceneViewState":{"showFog":true,"showMaterialUpdate":false,"showSkybox":false,"showFlares":true,"showImageEffects":true,"showParticleSystems":true},"in2DMode":false,"pivot":{"x":1277.550048828125,"y":718.1849975585938,"z":0.0},"rotation":{"x":-0.03629517927765846,"y":-0.018889280036091806,"z":0.0006862239097245038,"w":-0.9991624355316162},"size":1471.6300048828125,"orthographic":false}