{"cameraMode":{"drawMode":0,"name":"Shaded","section":"Shading Mode"},"sceneLighting":false,"audioPlay":false,"sceneViewState":{"showFog":true,"showMaterialUpdate":false,"showSkybox":true,"showFlares":true,"showImageEffects":true,"showParticleSystems":true},"in2DMode":false,"pivot":{"x":-7.059999465942383,"y":0.880000114440918,"z":2.690000057220459},"rotation":{"x":-0.10390198975801468,"y":0.019390322268009187,"z":-0.0020259045995771887,"w":-0.9943968653678894},"size":8.514693260192871,"orthographic":false}