{"cameraMode":{"drawMode":0,"name":"Shaded","section":"Shading Mode"},"sceneLighting":false,"audioPlay":false,"sceneViewState":{"showFog":true,"showMaterialUpdate":false,"showSkybox":true,"showFlares":true,"showImageEffects":true,"showParticleSystems":true},"in2DMode":false,"pivot":{"x":50.86300277709961,"y":-1.1439852714538575,"z":-2.2899999618530275},"rotation":{"x":-0.18466590344905854,"y":0.322512686252594,"z":-0.06430602818727493,"w":-0.9261507391929627},"size":1.7705931663513184,"orthographic":false}